uni,University
yu8hp,University of Auckland
vzt3a,Tau-Chi University
8gdp3,University of Padova
ecdmw,University of Trento
xmyd9,University of Granada
6ea38,Charles University
xb6t2,Erasmus University Rotterdam
fkjbz,University of T端bingen (Department of Psychology)
t5y2h,Heinrich Heine University D端sseldorf
2t9re,University of Stirling
encwv,University of Wisconsin-Madison
pqcf4,Colorado College
kx4w9,University of Queensland
kwg95,University of Western Ontario
5hgk4,University of T端bingen (Department of Psychiatry and Psychotherapy)
3s4uh,University of Cambridge
nzxwr,Leibniz-Institut f端r Wissensmedien
